,component,explained_variance_ratio,cumulative_ratio
0,PC1,0.8183247525955983,0.8183247525955983
1,PC2,0.12349662544908627,0.9418213780446846
2,PC3,0.0358555155307525,0.9776768935754371
