band,liquids,points_per_liquid_min,f_statistic,p_value
180-220MHz,8,301,3.2101481522482262,0.002175580645771186
270-300MHz,8,226,68.72787100867166,3.954335806674074e-88
